Name,Price,Rating,Reviews
"Sportsroyals Power Tower Dip Station Pull Up Bar for Home Gym Strength Training Workout Equipment, 400LBS.",199.99,4.55,13607
Ally Peaks Pull Up Bar for Doorway | Thickened Steel Max Limit 440 lbs Upper Body Fitness Workout Bar| Multi-Grip Strength for Doorway | Indoor Chin-Up Bar Fitness Trainer for Home Gym Portable,28.89,4.45,4666
"TOPOKO Pull Up Bar for Doorway, No Screws Portable Chin Up Bar Doorway, Strength Training Door Frame Pull-up Bars, Hanging Bar for Exercise, Door Workout Bar with Foam Grips, Pullup Bars for Home",24.99,4.15,660
Sportsroyals Power Tower Pull Up Dip Station Multi-Function Home Gym Strength Training Fitness Equipment 440LBS,219.99,4.45,918
SPRI Pull Up Bar - 8-Grip Door Mounting Pullup Bar for Full Bodyweight Workouts - Heavy-Duty Steel Frame with Foam Handles - Supports 250 Pounds - Fits Doorways Up to 32 in. Wide - Black,16.67,4.35,1322
Ally Peaks Pull Up Bar for Doorway | Thickened Steel Max Limit 440 lbs Upper Body Fitness Workout Bar| Multi-Grip Strength for Doorway | Indoor Chin-Up Bar Fitness Trainer for Home Gym Portable,25.59,4.45,4666
"Iron Gym Pull-Up Bar - Total Upper Body Workout Bar for Doorway, Adjustable Width Locking, No Screws Portable Door Frame Horizontal Chin-up Bar, Fitness Exercise",25.35,4.55,23440
"Multi-Grip Lite Pull Up/Chin Up Bar, Heavy Duty Doorway Upper Body Workout Bar for Home Gyms 24”-32” (ps-1240-cu-basic), Black",28.25,4.45,26245
"KAKICLAY 2023 Upgrade Multi-Grip Pull Up Bar with Smart Larger Hooks Technology - USA Original Patent, Designed, Shipped, Warranty",59.99,4.65,799
"Deluxe Pull-Up, Chin-Up, and Heavy Duty Bars with Padded Grips - Doorway or Wall Mount Assembly Options Available",30.76,4.55,2889
"Emer Power Tower Pull Up Bar Workout Dip Station,Multi-function Home Gym Strength Training Fitness Equipment (black)",139.99,4.65,6
"Heavy Duty Ceiling Mounted Pull Up Bar, Highly Adjustable, Multifunctional Chin Up Bar, Body Workout Home Gym System, Punching Bag Hanger, Resistance Bands Training",79.99,4.25,41
"Sportsroyals Dip Bar, Adjustable Parallel Bars for Home Workout, Dip Station with (300/800/1200LBS) Loading Capacity",129.99,4.55,1140
"WF Athletic Supply Squat Stand with J-Hooks & Pull up bar, Bench Press Rack for Full Body Strength Workout; Safety Spotter Arms, Plate Holder & Half Rack Conversion Kit Attachments Available",119.99,4.45,82
AmazeFan Pull Up Bar Doorway with Ergonomic Grip - Fitness Chin-Up Frame for Home Gym Exercise - 2 Professional Quality Wrist Straps + Workout Guide - No Installation Needed(Fits Almost All Doors),48.95,4.65,2824
"Pull Up Bar for Doorway, Total Upper Body Workout Bar Thickened Steel Max Limit 440lbs, Multi-Grip Portable Indoor Chin-Up Bar, No Screws Fits Most Door Ways (Up to 33""W)",19.99,4.35,67
"Sportneer Pull Up Bar: Strength Training Chin up Bar without Screws - Adjustable Width Locking Mechanism Pull-up Bar for Doorway - Max Load 440lbs for Home Gym Upper Body Workout, Non-slip Comfort",39.99,4.35,786
"[New Upgrade] Multi-Grip Pullup Bar with Smart Larger Hooks Technology - USA Original Patent, USA Designed, USA Shipped, USA Warranty",35.99,4.65,368
"Adjustable Pull-up Bar for Doorway - Perfect for Upper Body Exercises, including Pull-ups, Chin-ups, and Strength Training - No Drilling Installation - Home Gym Workout Equipment",34.99,5.05,6
"STEADY Japan Power Tower Dip Station/Stand Pull Up Bar for Home Gym, Max Load 330lbs",129.99,4.45,2787
soges Power Tower Pull Up & Dip Station Multi-Function Home Strength Training Fitness Workout Station Height Adjustable,105.99,4.35,640
"Titan Fitness T-2 Series Power Rack 71-inches High, J-Hooks, Single Pull-Up Bar, Safeties, Weight Plate Horns",399.99,4.25,43
"Pull Up Bar for Doorway, Thickened Steel Max Limit 440 LBS Strength Training Pull-up Bar, Portable Multi-function Pullup Chin Up Bar, Heavy Duty Doorway Upper Body Workout Bar for Home Gyms",23.99,4.35,487
Multifunctional Wall Mounted Pull Up Bar/Chin Up Bar For Home Gym Workout Strength Training Equipment,29.99,4.45,2814
"Pull Up Station, Bongkim Power Tower Portable Pullup Bar Station, Pull Up Bar for Home Gym, Pull Up Tower Station 330LBS.",179.99,4.65,37
"Wall Joist Mount Pull Up Bar, Joist Mounted Chin Up Bar for Home Gym",69.95,4.55,14
"Wesfital Power Tower Dip Station, Pull Up Bar Stand Height Adjustable Strength Training Equipment for Fitness Home Workout…",139.99,4.45,331
"LADER Pull Up Bar for Doorway, Chin Up Bar Upper Body Workout No Screw Installation for Home Gym Exercise Fitness with Level Meter and Adjustable Width",39.99,4.45,1335
"Rage Fitness R2 Wall Mounted Pull-Up Bar Black, 22""(H) x 36""(d) x 52""(w)",54.74,4.35,183
Sunny Health & Fitness Door Way Chin Up and Pull Up Bar,21.47,4.25,5308
"Heavy Duty Wall Mounted Doorway Pull Up Bar, Multifunctional Chin Up Bar, Portable Fitness Door Bar, Body Workout Home Gym System",59.99,4.45,123
RELIFE REBUILD YOUR LIFE Power Tower Pull Up Bar Station Workout Dip Station for Home Gym Strength Training Fitness Equipment Newer Version,152.99,4.55,6223
"SELEWARE Fully Welded Pull Up Bar Wall Mount Heavy Duty Chin-up Bar w/Resistance Band Hooks for Doorway, Support Beam or Joist Mount Thick Metal Sturdy Construction Support 500 lbs",48.99,4.55,36
SogesHome Power Tower Pull Up Bar and Dip Station Adjustable Height Dip Stand Multi-Functional Strength Training Fitness Workout Station,99.99,4.35,463
"SogesPower Power Tower Dip Station Pull Up Bar for Home Gym Adjustable Height Strength Training Workout Equipment,Pull Up Bar Station",98.99,4.45,350
"Klarfit Pro X Multi-Grip Chin-Up/Pull-Up Bar for Doorways, Hangers for Punching Bags, Power Ropes, Sling Trainers, Wall Mounting, Heavy Duty Anchors, Max. Load: 770 lb, Powder-Coated Steel, Black",29.99,4.15,83
"Pull Up Bar for Doorway: Strength Training Pull-up Bars without Screw - Adjustable Width Locking Mechanism Chin Up Bar for Doorway - Max Load 440lbs for Home Gym Upper Body Workout, Non-slip Comfort",39.99,4.25,102
Jayflex CrossGrips Portable Pull Up Bar - No Screw Doorway Pull Up Bar for Work from Home Fitness - Adjustable Door Frame Pull Up Bar Handles - 250 lbs Capacity,119,4.25,1005
"Wall Mounted Pull Up/Chin Up Bar with Bearing Frame Design for Indoor Workout/Home Gym, Maximum Weight 440 Lbs",54.95,4.35,170
"Heavy Duty Pull Up Bar for Doorway, Solid 1 Piece Main Bar Construction, Multi Grips Pullup Bar for Home Gym Workout, No Screws Portable Door Frame Horizontal Chin Up Bar",27.99,4.35,2162
Ceiling Mount Pull Up Bar with Reversible Risers for 16 and 24 Inch Joists with Optimum Grip Spacing by Ultimate Body Press,62.06,4.75,1155
"OneTwoFit Multifunctional Wall Mounted Pull Up Bar Chin Up bar Dip Station for Indoor Home Gym Workout, Power Tower Set Training Equipment Fitness Dip Stand Supports to 440 Lbs OT126",109.99,4.55,997
Sportsroyals Power Tower Pull Up Dip Station Multi-Function Home Gym Strength Training Fitness Equipment 440LBS,349.99,4.45,918
Multi-Gym Doorway Pull Up Bar and Portable Gym System,44.99,4.55,7147
"Pull Up Bar for Doorway 6-piece Set with Two Attachable Resistance Bands, Training Manual, Door frame Chin Up Bar, and Two Angled Supports For Home Gym Workout, No Screws, Max 680lbs, Adjustable Width (26-37 in)",54.99,4.85,15
"CAP Barbell Doorway Situp Bar, Black",13.99,4.45,3922
"BangTong&Li Power Tower, Pull Up Bar Dip Station/Stand for Home Gym Strength Training Workout Equipment",149.99,4.35,5832
"Pull Up Bar for Doorway No Screw Strength Training Pull-Up Bars, Trainer Chin Up Bar with LCD Display Counter No Drilling Easy Installation, Max Load 660lbs for Home Gym Body Workout",22.99,3.55,23
Power Racks and Attachments,128.19,4.45,7312
Pull Up Bar for Doorway，Adjustable Width Indoor Exercise Bar，Multi-Grip Chin Up Bar & Multifunctional Exercise Bar，Multifunctional Pull up Home or dip bar (Fits Most Door Frame),49.99,4.35,30
"Portable Pull Up Bar for Doorway,P10-First-Generation No Screws Chin Up for Home and Travel Exercise,Red",39.99,4.45,34
"Pull Up Bar, Chin Up Bars Ceiling Mount by Ultimate Body Press, Workout for Home Gym, Beam, Crossfit - Heavy-Duty, Foam Grip, 40'' Wide, Easy installation",39.99,1.05,1
Power Tower Dip Station Pull Up Bar Multi-function Adjustable Strength Training Workout Equipment Suitable for Home Fitness Exercise,149.99,4.45,116
"Duonamic Eleviia: World’s Best Portable Pullup Bar | Doorway Pull Up Bar For Home, Workplace or Travel | Exercise and Transform Yourself on Your Own Terms | Safe and Most Portable Way to Exercise",129,4.65,364
"ONETWOFIT Wall Mounted Pull Up Bar, 2 in 1 Pull Up and Dip Bar Station Space Saving Multifunctional Wall Mount Chin Up Bar Indoor Outdoor Strength Training Home Gym Equipment, Support up to 330LBS",63.99,4.05,89
"Ally Peaks Pull Up Bar for Doorway,Multiple Levels Width Adjustable Pull Up Bar Accurately Match Wide and Narrow doorframe,Thickened Steel Max Limit 500lbs Multi-Grip Strength pullup bar for Doorway,Indoor Chin-Up Bar Workout Bar,USA Original Patent",33.99,4.55,64
"ONETWOFIT Wall Mounted Pull Up Bar with More Stable 6-Hole Design for Indoor and Outdoor Use, Maximum Weight 440 Lbs OT103",63.99,4.35,755
